"Id","CreatedById"
"aGF7x0000000mhNGAQ","005f2000009Jw3tAAC"
"aGF7x0000000mhOGAQ","0054O000009FAr6QAG"
"aGF7x0000000mhPGAQ","005f2000009Jw6CAAS"
"aGF7x0000000mhQGAQ","0054O000009FAr6QAG"
"aGF7x0000000mhRGAQ","0054O000009FAr6QAG"
"aGF7x0000000mhSGAQ","0054O000009FAr6QAG"
"aGF7x0000000mhTGAQ","0054O000009FAr6QAG"
"aGF7x0000000mhUGAQ","0054O000009FAr6QAG"
"aGF7x0000000mhVGAQ","0054O000009FAr6QAG"
"aGF7x0000000mhWGAQ","0054O000009FAr6QAG"
"aGF7x0000000mhXGAQ","0054O000009FAr6QAG"
"aGF7x0000000mhYGAQ","0054O000009FAr6QAG"
"aGF7x0000000mhZGAQ","0054O000009FAr6QAG"
"aGF7x0000000mhaGAA","0054O000009FAr6QAG"
"aGF7x0000000mhbGAA","0054O000009FAr6QAG"
"aGF7x0000000mhcGAA","0054O000009FAr6QAG"
"aGF7x0000000mhdGAA","0054O000009FAr6QAG"
"aGF7x0000000mheGAA","0054O000009FAr6QAG"
"aGF7x0000000mhfGAA","0054O000009FAr6QAG"
"aGF7x0000000mhgGAA","0054O000009FAr6QAG"
"aGF7x0000000mhhGAA","0054O000009FAr6QAG"
"aGF7x0000000mhiGAA","0054O000009FAr6QAG"
"aGF7x0000000mhjGAA","0054O000009FAr6QAG"
"aGF7x0000000mhkGAA","0054O000009FAr6QAG"
"aGF7x0000000mhlGAA","0054O000009FAr6QAG"
"aGF7x0000000mhmGAA","0054O000009FAr6QAG"
"aGF7x0000000mhnGAA","0054O000009FAr6QAG"
"aGF7x0000000mhoGAA","0054O000009FAr6QAG"
"aGF7x0000000mhpGAA","0054O000009FAr6QAG"
"aGF7x0000000mhqGAA","005f2000009Jw6CAAS"
"aGF7x0000000mhrGAA","0054O000009EV5RQAW"
"aGF7x0000000mhsGAA","0054O000009EV5RQAW"
"aGF7x0000000mhtGAA","0054O000009EV5RQAW"
"aGF7x0000000mhuGAA","0054O000009EV5RQAW"
"aGF7x0000000mhvGAA","0054O000009EV5RQAW"
"aGF7x0000000mhwGAA","0054O000009EV5RQAW"
"aGF7x0000000mhxGAA","0054O000009EV5RQAW"
"aGF7x0000000mhyGAA","0054O000009EV5RQAW"
"aGF7x0000000mhzGAA","0054O000009EV5RQAW"
"aGF7x0000000mi0GAA","0054O000009EV5RQAW"
"aGF7x0000000mi1GAA","0054O000009EV5RQAW"
"aGF7x0000000mi2GAA","0054O000009EV5RQAW"
"aGF7x0000000mi3GAA","0054O000009EV5RQAW"
"aGF7x0000000mi4GAA","0054O000009EV5RQAW"
"aGF7x0000000mi5GAA","0054O000009EV5RQAW"
"aGF7x0000000mi6GAA","0054O000009EV5RQAW"
"aGF7x0000000mi7GAA","0054O000009EV5RQAW"
"aGF7x0000000mi8GAA","0054O000009EV5RQAW"
"aGF7x0000000mi9GAA","0054O000009EV5RQAW"
"aGF7x0000000miAGAQ","0054O000009EV5RQAW"
"aGF7x0000000miBGAQ","0054O000009EV5RQAW"
"aGF7x0000000miCGAQ","0054O000009EV5RQAW"
"aGF7x0000000miDGAQ","0054O000009EV5RQAW"
"aGF7x0000000miEGAQ","0054O000009EV5RQAW"
"aGF7x0000000miFGAQ","0054O000009EV5RQAW"
"aGF7x0000000miGGAQ","0054O000009EV5RQAW"
"aGF7x0000000miHGAQ","0054O000009EV5RQAW"
"aGF7x0000000miIGAQ","0054O000009EV5RQAW"
"aGF7x0000000miJGAQ","0054O000009EV5RQAW"
"aGF7x0000000miKGAQ","0054O000009EV5RQAW"
"aGF7x0000000miLGAQ","0055b00000RJ9W1AAL"
"aGF7x0000000miMGAQ","0055b00000RJ9W1AAL"
"aGF7x0000000miNGAQ","0055b00000RJ9W1AAL"
"aGF7x0000000miOGAQ","0055b00000RJ9W1AAL"
"aGF7x0000000miPGAQ","0055b00000RJ9W1AAL"
"aGF7x0000000miQGAQ","0055b00000RJ9W1AAL"
"aGF7x0000000miRGAQ","0055b00000RJ9W1AAL"
"aGF7x0000000miSGAQ","0055b00000RJ9W1AAL"
"aGF7x0000000miTGAQ","0055b00000RJ9W1AAL"
"aGF7x0000000miUGAQ","0055b00000RJ9W1AAL"
"aGF7x0000000miVGAQ","0055b00000RJ9W1AAL"
"aGF7x0000000miWGAQ","0055b00000RJ9W1AAL"
"aGF7x0000000miXGAQ","0055b00000RJ9W1AAL"
"aGF7x0000000miYGAQ","0055b00000RJ9W1AAL"